year,county,office,district,candidate,party,votes
2024,ADAIR,PRESIDENT,,CHASE OLIVER AND MIKE TER MAAT,,20.000000
2024,ADAIR,PRESIDENT,,CLAUDIA DE LA CRUZ AND KARINA GARCIA,,1.000000
2024,ADAIR,PRESIDENT,,DONALD J TRUMP AND JD VANCE,REP,2916.000000
2024,ADAIR,PRESIDENT,,KAMALA D HARRIS AND TIM WALZ,DEM,1086.000000
2024,ADAIR,PRESIDENT,,ROBERT F KENNEDY JR AND NICOLE SHANAHAN,,34.000000
2024,ADAIR,PRESIDENT,,SHIVA AYYADURAI AND CRYSTAL ELLIS,,5.000000
2024,ADAIR,PRESIDENT,,WILLIAM P STODDEN AND STEPHANIE H CHOLENSKY,,2.000000
2024,ADAIR,PRESIDENT,,WRITE IN,,16.000000
2024,ADAMS,PRESIDENT,,CHASE OLIVER AND MIKE TER MAAT,,9.000000
2024,ADAMS,PRESIDENT,,CLAUDIA DE LA CRUZ AND KARINA GARCIA,,0.000000
2024,ADAMS,PRESIDENT,,DONALD J TRUMP AND JD VANCE,REP,1517.000000
2024,ADAMS,PRESIDENT,,KAMALA D HARRIS AND TIM WALZ,DEM,576.000000
2024,ADAMS,PRESIDENT,,ROBERT F KENNEDY JR AND NICOLE SHANAHAN,,28.000000
2024,ADAMS,PRESIDENT,,SHIVA AYYADURAI AND CRYSTAL ELLIS,,1.000000
2024,ADAMS,PRESIDENT,,WILLIAM P STODDEN AND STEPHANIE H CHOLENSKY,,0.000000
2024,ADAMS,PRESIDENT,,WRITE IN,,4.000000
2024,ALLAMAKEE,PRESIDENT,,CHASE OLIVER AND MIKE TER MAAT,,28.000000
2024,ALLAMAKEE,PRESIDENT,,CLAUDIA DE LA CRUZ AND KARINA GARCIA,,7.000000
2024,ALLAMAKEE,PRESIDENT,,DONALD J TRUMP AND JD VANCE,REP,4857.000000
2024,ALLAMAKEE,PRESIDENT,,KAMALA D HARRIS AND TIM WALZ,DEM,2350.000000
2024,ALLAMAKEE,PRESIDENT,,ROBERT F KENNEDY JR AND NICOLE SHANAHAN,,55.000000
2024,ALLAMAKEE,PRESIDENT,,SHIVA AYYADURAI AND CRYSTAL ELLIS,,5.000000
2024,ALLAMAKEE,PRESIDENT,,WILLIAM P STODDEN AND STEPHANIE H CHOLENSKY,,1.000000
2024,ALLAMAKEE,PRESIDENT,,WRITE IN,,15.000000
2024,APPANOOSE,PRESIDENT,,CHASE OLIVER AND MIKE TER MAAT,,22.000000
2024,APPANOOSE,PRESIDENT,,CLAUDIA DE LA CRUZ AND KARINA GARCIA,,5.000000
2024,APPANOOSE,PRESIDENT,,DONALD J TRUMP AND JD VANCE,REP,4704.000000
2024,APPANOOSE,PRESIDENT,,KAMALA D HARRIS AND TIM WALZ,DEM,1686.000000
2024,APPANOOSE,PRESIDENT,,ROBERT F KENNEDY JR AND NICOLE SHANAHAN,,48.000000
2024,APPANOOSE,PRESIDENT,,SHIVA AYYADURAI AND CRYSTAL ELLIS,,0.000000
2024,APPANOOSE,PRESIDENT,,WILLIAM P STODDEN AND STEPHANIE H CHOLENSKY,,1.000000
2024,APPANOOSE,PRESIDENT,,WRITE IN,,18.000000
2024,AUDUBON,PRESIDENT,,CHASE OLIVER AND MIKE TER MAAT,,8.000000
2024,AUDUBON,PRESIDENT,,CLAUDIA DE LA CRUZ AND KARINA GARCIA,,5.000000
2024,AUDUBON,PRESIDENT,,DONALD J TRUMP AND JD VANCE,REP,2214.000000
2024,AUDUBON,PRESIDENT,,KAMALA D HARRIS AND TIM WALZ,DEM,970.000000
2024,AUDUBON,PRESIDENT,,ROBERT F KENNEDY JR AND NICOLE SHANAHAN,,39.000000
2024,AUDUBON,PRESIDENT,,SHIVA AYYADURAI AND CRYSTAL ELLIS,,2.000000
2024,AUDUBON,PRESIDENT,,WILLIAM P STODDEN AND STEPHANIE H CHOLENSKY,,1.000000
2024,AUDUBON,PRESIDENT,,WRITE IN,,10.000000
2024,BENTON,PRESIDENT,,CHASE OLIVER AND MIKE TER MAAT,,65.000000
2024,BENTON,PRESIDENT,,CLAUDIA DE LA CRUZ AND KARINA GARCIA,,7.000000
2024,BENTON,PRESIDENT,,DONALD J TRUMP AND JD VANCE,REP,9549.000000
2024,BENTON,PRESIDENT,,KAMALA D HARRIS AND TIM WALZ,DEM,4739.000000
2024,BENTON,PRESIDENT,,ROBERT F KENNEDY JR AND NICOLE SHANAHAN,,101.000000
2024,BENTON,PRESIDENT,,SHIVA AYYADURAI AND CRYSTAL ELLIS,,9.000000
2024,BENTON,PRESIDENT,,WILLIAM P STODDEN AND STEPHANIE H CHOLENSKY,,0.000000
2024,BENTON,PRESIDENT,,WRITE IN,,39.000000
2024,BLACK HAWK,PRESIDENT,,CHASE OLIVER AND MIKE TER MAAT,,248.000000
2024,BLACK HAWK,PRESIDENT,,CLAUDIA DE LA CRUZ AND KARINA GARCIA,,49.000000
2024,BLACK HAWK,PRESIDENT,,DONALD J TRUMP AND JD VANCE,REP,30572.000000
2024,BLACK HAWK,PRESIDENT,,KAMALA D HARRIS AND TIM WALZ,DEM,31299.000000
2024,BLACK HAWK,PRESIDENT,,ROBERT F KENNEDY JR AND NICOLE SHANAHAN,,443.000000
2024,BLACK HAWK,PRESIDENT,,SHIVA AYYADURAI AND CRYSTAL ELLIS,,25.000000
2024,BLACK HAWK,PRESIDENT,,WILLIAM P STODDEN AND STEPHANIE H CHOLENSKY,,17.000000
2024,BLACK HAWK,PRESIDENT,,WRITE IN,,253.000000
2024,BOONE,PRESIDENT,,CHASE OLIVER AND MIKE TER MAAT,,80.000000
2024,BOONE,PRESIDENT,,CLAUDIA DE LA CRUZ AND KARINA GARCIA,,14.000000
2024,BOONE,PRESIDENT,,DONALD J TRUMP AND JD VANCE,REP,9199.000000
2024,BOONE,PRESIDENT,,KAMALA D HARRIS AND TIM WALZ,DEM,5895.000000
2024,BOONE,PRESIDENT,,ROBERT F KENNEDY JR AND NICOLE SHANAHAN,,151.000000
2024,BOONE,PRESIDENT,,SHIVA AYYADURAI AND CRYSTAL ELLIS,,3.000000
2024,BOONE,PRESIDENT,,WILLIAM P STODDEN AND STEPHANIE H CHOLENSKY,,4.000000
2024,BOONE,PRESIDENT,,WRITE IN,,57.000000
2024,BREMER,PRESIDENT,,CHASE OLIVER AND MIKE TER MAAT,,65.000000
2024,BREMER,PRESIDENT,,CLAUDIA DE LA CRUZ AND KARINA GARCIA,,1.000000
2024,BREMER,PRESIDENT,,DONALD J TRUMP AND JD VANCE,REP,8799.000000
2024,BREMER,PRESIDENT,,KAMALA D HARRIS AND TIM WALZ,DEM,5571.000000
2024,BREMER,PRESIDENT,,ROBERT F KENNEDY JR AND NICOLE SHANAHAN,,113.000000
2024,BREMER,PRESIDENT,,SHIVA AYYADURAI AND CRYSTAL ELLIS,,4.000000
2024,BREMER,PRESIDENT,,WILLIAM P STODDEN AND STEPHANIE H CHOLENSKY,,3.000000
2024,BREMER,PRESIDENT,,WRITE IN,,51.000000
2024,BUCHANAN,PRESIDENT,,CHASE OLIVER AND MIKE TER MAAT,,45.000000
2024,BUCHANAN,PRESIDENT,,CLAUDIA DE LA CRUZ AND KARINA GARCIA,,4.000000
2024,BUCHANAN,PRESIDENT,,DONALD J TRUMP AND JD VANCE,REP,6790.000000
2024,BUCHANAN,PRESIDENT,,KAMALA D HARRIS AND TIM WALZ,DEM,3766.000000
2024,BUCHANAN,PRESIDENT,,ROBERT F KENNEDY JR AND NICOLE SHANAHAN,,104.000000
2024,BUCHANAN,PRESIDENT,,SHIVA AYYADURAI AND CRYSTAL ELLIS,,2.000000
2024,BUCHANAN,PRESIDENT,,WILLIAM P STODDEN AND STEPHANIE H CHOLENSKY,,3.000000
2024,BUCHANAN,PRESIDENT,,WRITE IN,,36.000000
2024,BUENA VISTA,PRESIDENT,,CHASE OLIVER AND MIKE TER MAAT,,22.000000
2024,BUENA VISTA,PRESIDENT,,CLAUDIA DE LA CRUZ AND KARINA GARCIA,,6.000000
2024,BUENA VISTA,PRESIDENT,,DONALD J TRUMP AND JD VANCE,REP,4962.000000
2024,BUENA VISTA,PRESIDENT,,KAMALA D HARRIS AND TIM WALZ,DEM,2462.000000
2024,BUENA VISTA,PRESIDENT,,ROBERT F KENNEDY JR AND NICOLE SHANAHAN,,56.000000
2024,BUENA VISTA,PRESIDENT,,SHIVA AYYADURAI AND CRYSTAL ELLIS,,2.000000
2024,BUENA VISTA,PRESIDENT,,WILLIAM P STODDEN AND STEPHANIE H CHOLENSKY,,6.000000
2024,BUENA VISTA,PRESIDENT,,WRITE IN,,21.000000
2024,BUTLER,PRESIDENT,,CHASE OLIVER AND MIKE TER MAAT,,23.000000
2024,BUTLER,PRESIDENT,,CLAUDIA DE LA CRUZ AND KARINA GARCIA,,5.000000
2024,BUTLER,PRESIDENT,,DONALD J TRUMP AND JD VANCE,REP,5784.000000
2024,BUTLER,PRESIDENT,,KAMALA D HARRIS AND TIM WALZ,DEM,2144.000000
2024,BUTLER,PRESIDENT,,ROBERT F KENNEDY JR AND NICOLE SHANAHAN,,69.000000
2024,BUTLER,PRESIDENT,,SHIVA AYYADURAI AND CRYSTAL ELLIS,,0.000000
2024,BUTLER,PRESIDENT,,WILLIAM P STODDEN AND STEPHANIE H CHOLENSKY,,2.000000
2024,BUTLER,PRESIDENT,,WRITE IN,,19.000000
2024,CALHOUN,PRESIDENT,,CHASE OLIVER AND MIKE TER MAAT,,15.000000
2024,CALHOUN,PRESIDENT,,CLAUDIA DE LA CRUZ AND KARINA GARCIA,,1.000000
2024,CALHOUN,PRESIDENT,,DONALD J TRUMP AND JD VANCE,REP,3708.000000
2024,CALHOUN,PRESIDENT,,KAMALA D HARRIS AND TIM WALZ,DEM,1328.000000
2024,CALHOUN,PRESIDENT,,ROBERT F KENNEDY JR AND NICOLE SHANAHAN,,41.000000
2024,CALHOUN,PRESIDENT,,SHIVA AYYADURAI AND CRYSTAL ELLIS,,0.000000
2024,CALHOUN,PRESIDENT,,WILLIAM P STODDEN AND STEPHANIE H CHOLENSKY,,0.000000
2024,CALHOUN,PRESIDENT,,WRITE IN,,4.000000
2024,CARROLL,PRESIDENT,,CHASE OLIVER AND MIKE TER MAAT,,29.000000
2024,CARROLL,PRESIDENT,,CLAUDIA DE LA CRUZ AND KARINA GARCIA,,6.000000
2024,CARROLL,PRESIDENT,,DONALD J TRUMP AND JD VANCE,REP,7814.000000
2024,CARROLL,PRESIDENT,,KAMALA D HARRIS AND TIM WALZ,DEM,3153.000000
2024,CARROLL,PRESIDENT,,ROBERT F KENNEDY JR AND NICOLE SHANAHAN,,114.000000
2024,CARROLL,PRESIDENT,,SHIVA AYYADURAI AND CRYSTAL ELLIS,,2.000000
2024,CARROLL,PRESIDENT,,WILLIAM P STODDEN AND STEPHANIE H CHOLENSKY,,2.000000
2024,CARROLL,PRESIDENT,,WRITE IN,,20.000000
2024,CASS,PRESIDENT,,CHASE OLIVER AND MIKE TER MAAT,,30.000000
2024,CASS,PRESIDENT,,CLAUDIA DE LA CRUZ AND KARINA GARCIA,,1.000000
2024,CASS,PRESIDENT,,DONALD J TRUMP AND JD VANCE,REP,5007.000000
2024,CASS,PRESIDENT,,KAMALA D HARRIS AND TIM WALZ,DEM,2077.000000
2024,CASS,PRESIDENT,,ROBERT F KENNEDY JR AND NICOLE SHANAHAN,,76.000000
2024,CASS,PRESIDENT,,SHIVA AYYADURAI AND CRYSTAL ELLIS,,1.000000
2024,CASS,PRESIDENT,,WILLIAM P STODDEN AND STEPHANIE H CHOLENSKY,,3.000000
2024,CASS,PRESIDENT,,WRITE IN,,22.000000
2024,CEDAR,PRESIDENT,,CHASE OLIVER AND MIKE TER MAAT,,46.000000
2024,CEDAR,PRESIDENT,,CLAUDIA DE LA CRUZ AND KARINA GARCIA,,8.000000
2024,CEDAR,PRESIDENT,,DONALD J TRUMP AND JD VANCE,REP,6390.000000
2024,CEDAR,PRESIDENT,,KAMALA D HARRIS AND TIM WALZ,DEM,4075.000000
2024,CEDAR,PRESIDENT,,ROBERT F KENNEDY JR AND NICOLE SHANAHAN,,97.000000
2024,CEDAR,PRESIDENT,,SHIVA AYYADURAI AND CRYSTAL ELLIS,,6.000000
2024,CEDAR,PRESIDENT,,WILLIAM P STODDEN AND STEPHANIE H CHOLENSKY,,2.000000
2024,CEDAR,PRESIDENT,,WRITE IN,,20.000000
2024,CERRO GORDO,PRESIDENT,,CHASE OLIVER AND MIKE TER MAAT,,103.000000
2024,CERRO GORDO,PRESIDENT,,CLAUDIA DE LA CRUZ AND KARINA GARCIA,,18.000000
2024,CERRO GORDO,PRESIDENT,,DONALD J TRUMP AND JD VANCE,REP,12627.000000
2024,CERRO GORDO,PRESIDENT,,KAMALA D HARRIS AND TIM WALZ,DEM,9955.000000
2024,CERRO GORDO,PRESIDENT,,ROBERT F KENNEDY JR AND NICOLE SHANAHAN,,229.000000
2024,CERRO GORDO,PRESIDENT,,SHIVA AYYADURAI AND CRYSTAL ELLIS,,6.000000
2024,CERRO GORDO,PRESIDENT,,WILLIAM P STODDEN AND STEPHANIE H CHOLENSKY,,4.000000
2024,CERRO GORDO,PRESIDENT,,WRITE IN,,78.000000
2024,CHEROKEE,PRESIDENT,,CHASE OLIVER AND MIKE TER MAAT,,23.000000
2024,CHEROKEE,PRESIDENT,,CLAUDIA DE LA CRUZ AND KARINA GARCIA,,2.000000
2024,CHEROKEE,PRESIDENT,,DONALD J TRUMP AND JD VANCE,REP,4398.000000
2024,CHEROKEE,PRESIDENT,,KAMALA D HARRIS AND TIM WALZ,DEM,1611.000000
2024,CHEROKEE,PRESIDENT,,ROBERT F KENNEDY JR AND NICOLE SHANAHAN,,51.000000
2024,CHEROKEE,PRESIDENT,,SHIVA AYYADURAI AND CRYSTAL ELLIS,,2.000000
2024,CHEROKEE,PRESIDENT,,WILLIAM P STODDEN AND STEPHANIE H CHOLENSKY,,2.000000
2024,CHEROKEE,PRESIDENT,,WRITE IN,,16.000000
2024,CHICKASAW,PRESIDENT,,CHASE OLIVER AND MIKE TER MAAT,,11.000000
2024,CHICKASAW,PRESIDENT,,CLAUDIA DE LA CRUZ AND KARINA GARCIA,,4.000000
2024,CHICKASAW,PRESIDENT,,DONALD J TRUMP AND JD VANCE,REP,4234.000000
2024,CHICKASAW,PRESIDENT,,KAMALA D HARRIS AND TIM WALZ,DEM,1919.000000
2024,CHICKASAW,PRESIDENT,,ROBERT F KENNEDY JR AND NICOLE SHANAHAN,,60.000000
2024,CHICKASAW,PRESIDENT,,SHIVA AYYADURAI AND CRYSTAL ELLIS,,0.000000
2024,CHICKASAW,PRESIDENT,,WILLIAM P STODDEN AND STEPHANIE H CHOLENSKY,,2.000000
2024,CHICKASAW,PRESIDENT,,WRITE IN,,9.000000
2024,CLARKE,PRESIDENT,,CHASE OLIVER AND MIKE TER MAAT,,10.000000
2024,CLARKE,PRESIDENT,,CLAUDIA DE LA CRUZ AND KARINA GARCIA,,3.000000
2024,CLARKE,PRESIDENT,,DONALD J TRUMP AND JD VANCE,REP,3140.000000
2024,CLARKE,PRESIDENT,,KAMALA D HARRIS AND TIM WALZ,DEM,1265.000000
2024,CLARKE,PRESIDENT,,ROBERT F KENNEDY JR AND NICOLE SHANAHAN,,40.000000
2024,CLARKE,PRESIDENT,,SHIVA AYYADURAI AND CRYSTAL ELLIS,,0.000000
2024,CLARKE,PRESIDENT,,WILLIAM P STODDEN AND STEPHANIE H CHOLENSKY,,1.000000
2024,CLARKE,PRESIDENT,,WRITE IN,,20.000000
2024,CLAY,PRESIDENT,,CHASE OLIVER AND MIKE TER MAAT,,33.000000
2024,CLAY,PRESIDENT,,CLAUDIA DE LA CRUZ AND KARINA GARCIA,,5.000000
2024,CLAY,PRESIDENT,,DONALD J TRUMP AND JD VANCE,REP,6047.000000
2024,CLAY,PRESIDENT,,KAMALA D HARRIS AND TIM WALZ,DEM,2367.000000
2024,CLAY,PRESIDENT,,ROBERT F KENNEDY JR AND NICOLE SHANAHAN,,59.000000
2024,CLAY,PRESIDENT,,SHIVA AYYADURAI AND CRYSTAL ELLIS,,2.000000
2024,CLAY,PRESIDENT,,WILLIAM P STODDEN AND STEPHANIE H CHOLENSKY,,1.000000
2024,CLAY,PRESIDENT,,WRITE IN,,27.000000
2024,CLAYTON,PRESIDENT,,CHASE OLIVER AND MIKE TER MAAT,,34.000000
2024,CLAYTON,PRESIDENT,,CLAUDIA DE LA CRUZ AND KARINA GARCIA,,5.000000
2024,CLAYTON,PRESIDENT,,DONALD J TRUMP AND JD VANCE,REP,6255.000000
2024,CLAYTON,PRESIDENT,,KAMALA D HARRIS AND TIM WALZ,DEM,3017.000000
2024,CLAYTON,PRESIDENT,,ROBERT F KENNEDY JR AND NICOLE SHANAHAN,,63.000000
2024,CLAYTON,PRESIDENT,,SHIVA AYYADURAI AND CRYSTAL ELLIS,,6.000000
2024,CLAYTON,PRESIDENT,,WILLIAM P STODDEN AND STEPHANIE H CHOLENSKY,,1.000000
2024,CLAYTON,PRESIDENT,,WRITE IN,,19.000000
2024,CLINTON,PRESIDENT,,CHASE OLIVER AND MIKE TER MAAT,,91.000000
2024,CLINTON,PRESIDENT,,CLAUDIA DE LA CRUZ AND KARINA GARCIA,,21.000000
2024,CLINTON,PRESIDENT,,DONALD J TRUMP AND JD VANCE,REP,13964.000000
2024,CLINTON,PRESIDENT,,KAMALA D HARRIS AND TIM WALZ,DEM,9472.000000
2024,CLINTON,PRESIDENT,,ROBERT F KENNEDY JR AND NICOLE SHANAHAN,,250.000000
2024,CLINTON,PRESIDENT,,SHIVA AYYADURAI AND CRYSTAL ELLIS,,7.000000
2024,CLINTON,PRESIDENT,,WILLIAM P STODDEN AND STEPHANIE H CHOLENSKY,,8.000000
2024,CLINTON,PRESIDENT,,WRITE IN,,65.000000
2024,CRAWFORD,PRESIDENT,,CHASE OLIVER AND MIKE TER MAAT,,11.000000
2024,CRAWFORD,PRESIDENT,,CLAUDIA DE LA CRUZ AND KARINA GARCIA,,3.000000
2024,CRAWFORD,PRESIDENT,,DONALD J TRUMP AND JD VANCE,REP,4651.000000
2024,CRAWFORD,PRESIDENT,,KAMALA D HARRIS AND TIM WALZ,DEM,1812.000000
2024,CRAWFORD,PRESIDENT,,ROBERT F KENNEDY JR AND NICOLE SHANAHAN,,45.000000
2024,CRAWFORD,PRESIDENT,,SHIVA AYYADURAI AND CRYSTAL ELLIS,,2.000000
2024,CRAWFORD,PRESIDENT,,WILLIAM P STODDEN AND STEPHANIE H CHOLENSKY,,1.000000
2024,CRAWFORD,PRESIDENT,,WRITE IN,,20.000000
2024,DALLAS,PRESIDENT,,CHASE OLIVER AND MIKE TER MAAT,,321.000000
2024,DALLAS,PRESIDENT,,CLAUDIA DE LA CRUZ AND KARINA GARCIA,,43.000000
2024,DALLAS,PRESIDENT,,DONALD J TRUMP AND JD VANCE,REP,32374.000000
2024,DALLAS,PRESIDENT,,KAMALA D HARRIS AND TIM WALZ,DEM,29402.000000
2024,DALLAS,PRESIDENT,,ROBERT F KENNEDY JR AND NICOLE SHANAHAN,,479.000000
2024,DALLAS,PRESIDENT,,SHIVA AYYADURAI AND CRYSTAL ELLIS,,8.000000
2024,DALLAS,PRESIDENT,,WILLIAM P STODDEN AND STEPHANIE H CHOLENSKY,,6.000000
2024,DALLAS,PRESIDENT,,WRITE IN,,328.000000
2024,DAVIS,PRESIDENT,,CHASE OLIVER AND MIKE TER MAAT,,6.000000
2024,DAVIS,PRESIDENT,,CLAUDIA DE LA CRUZ AND KARINA GARCIA,,1.000000
2024,DAVIS,PRESIDENT,,DONALD J TRUMP AND JD VANCE,REP,3027.000000
2024,DAVIS,PRESIDENT,,KAMALA D HARRIS AND TIM WALZ,DEM,878.000000
2024,DAVIS,PRESIDENT,,ROBERT F KENNEDY JR AND NICOLE SHANAHAN,,38.000000
2024,DAVIS,PRESIDENT,,SHIVA AYYADURAI AND CRYSTAL ELLIS,,0.000000
2024,DAVIS,PRESIDENT,,WILLIAM P STODDEN AND STEPHANIE H CHOLENSKY,,0.000000
2024,DAVIS,PRESIDENT,,WRITE IN,,4.000000
2024,DECATUR,PRESIDENT,,CHASE OLIVER AND MIKE TER MAAT,,13.000000
2024,DECATUR,PRESIDENT,,CLAUDIA DE LA CRUZ AND KARINA GARCIA,,1.000000
2024,DECATUR,PRESIDENT,,DONALD J TRUMP AND JD VANCE,REP,2711.000000
2024,DECATUR,PRESIDENT,,KAMALA D HARRIS AND TIM WALZ,DEM,957.000000
2024,DECATUR,PRESIDENT,,ROBERT F KENNEDY JR AND NICOLE SHANAHAN,,42.000000
2024,DECATUR,PRESIDENT,,SHIVA AYYADURAI AND CRYSTAL ELLIS,,1.000000
2024,DECATUR,PRESIDENT,,WILLIAM P STODDEN AND STEPHANIE H CHOLENSKY,,2.000000
2024,DECATUR,PRESIDENT,,WRITE IN,,12.000000
2024,DELAWARE,PRESIDENT,,CHASE OLIVER AND MIKE TER MAAT,,51.000000
2024,DELAWARE,PRESIDENT,,CLAUDIA DE LA CRUZ AND KARINA GARCIA,,4.000000
2024,DELAWARE,PRESIDENT,,DONALD J TRUMP AND JD VANCE,REP,6984.000000
2024,DELAWARE,PRESIDENT,,KAMALA D HARRIS AND TIM WALZ,DEM,2978.000000
2024,DELAWARE,PRESIDENT,,ROBERT F KENNEDY JR AND NICOLE SHANAHAN,,91.000000
2024,DELAWARE,PRESIDENT,,SHIVA AYYADURAI AND CRYSTAL ELLIS,,1.000000
2024,DELAWARE,PRESIDENT,,WILLIAM P STODDEN AND STEPHANIE H CHOLENSKY,,3.000000
2024,DELAWARE,PRESIDENT,,WRITE IN,,26.000000
2024,DES MOINES,PRESIDENT,,CHASE OLIVER AND MIKE TER MAAT,,80.000000
2024,DES MOINES,PRESIDENT,,CLAUDIA DE LA CRUZ AND KARINA GARCIA,,11.000000
2024,DES MOINES,PRESIDENT,,DONALD J TRUMP AND JD VANCE,REP,10794.000000
2024,DES MOINES,PRESIDENT,,KAMALA D HARRIS AND TIM WALZ,DEM,7935.000000
2024,DES MOINES,PRESIDENT,,ROBERT F KENNEDY JR AND NICOLE SHANAHAN,,170.000000
2024,DES MOINES,PRESIDENT,,SHIVA AYYADURAI AND CRYSTAL ELLIS,,6.000000
2024,DES MOINES,PRESIDENT,,WILLIAM P STODDEN AND STEPHANIE H CHOLENSKY,,2.000000
2024,DES MOINES,PRESIDENT,,WRITE IN,,56.000000
2024,DICKINSON,PRESIDENT,,CHASE OLIVER AND MIKE TER MAAT,,34.000000
2024,DICKINSON,PRESIDENT,,CLAUDIA DE LA CRUZ AND KARINA GARCIA,,3.000000
2024,DICKINSON,PRESIDENT,,DONALD J TRUMP AND JD VANCE,REP,7775.000000
2024,DICKINSON,PRESIDENT,,KAMALA D HARRIS AND TIM WALZ,DEM,3297.000000
2024,DICKINSON,PRESIDENT,,ROBERT F KENNEDY JR AND NICOLE SHANAHAN,,80.000000
2024,DICKINSON,PRESIDENT,,SHIVA AYYADURAI AND CRYSTAL ELLIS,,2.000000
2024,DICKINSON,PRESIDENT,,WILLIAM P STODDEN AND STEPHANIE H CHOLENSKY,,1.000000
2024,DICKINSON,PRESIDENT,,WRITE IN,,42.000000
2024,DUBUQUE,PRESIDENT,,CHASE OLIVER AND MIKE TER MAAT,,203.000000
2024,DUBUQUE,PRESIDENT,,CLAUDIA DE LA CRUZ AND KARINA GARCIA,,40.000000
2024,DUBUQUE,PRESIDENT,,DONALD J TRUMP AND JD VANCE,REP,28224.000000
2024,DUBUQUE,PRESIDENT,,KAMALA D HARRIS AND TIM WALZ,DEM,23705.000000
2024,DUBUQUE,PRESIDENT,,ROBERT F KENNEDY JR AND NICOLE SHANAHAN,,377.000000
2024,DUBUQUE,PRESIDENT,,SHIVA AYYADURAI AND CRYSTAL ELLIS,,5.000000
2024,DUBUQUE,PRESIDENT,,WILLIAM P STODDEN AND STEPHANIE H CHOLENSKY,,12.000000
2024,DUBUQUE,PRESIDENT,,WRITE IN,,204.000000
2024,EMMET,PRESIDENT,,CHASE OLIVER AND MIKE TER MAAT,,12.000000
2024,EMMET,PRESIDENT,,CLAUDIA DE LA CRUZ AND KARINA GARCIA,,4.000000
2024,EMMET,PRESIDENT,,DONALD J TRUMP AND JD VANCE,REP,3422.000000
2024,EMMET,PRESIDENT,,KAMALA D HARRIS AND TIM WALZ,DEM,1315.000000
2024,EMMET,PRESIDENT,,ROBERT F KENNEDY JR AND NICOLE SHANAHAN,,31.000000
2024,EMMET,PRESIDENT,,SHIVA AYYADURAI AND CRYSTAL ELLIS,,1.000000
2024,EMMET,PRESIDENT,,WILLIAM P STODDEN AND STEPHANIE H CHOLENSKY,,1.000000
2024,EMMET,PRESIDENT,,WRITE IN,,12.000000
2024,FAYETTE,PRESIDENT,,CHASE OLIVER AND MIKE TER MAAT,,45.000000
2024,FAYETTE,PRESIDENT,,CLAUDIA DE LA CRUZ AND KARINA GARCIA,,7.000000
2024,FAYETTE,PRESIDENT,,DONALD J TRUMP AND JD VANCE,REP,6325.000000
2024,FAYETTE,PRESIDENT,,KAMALA D HARRIS AND TIM WALZ,DEM,3334.000000
2024,FAYETTE,PRESIDENT,,ROBERT F KENNEDY JR AND NICOLE SHANAHAN,,104.000000
2024,FAYETTE,PRESIDENT,,SHIVA AYYADURAI AND CRYSTAL ELLIS,,0.000000
2024,FAYETTE,PRESIDENT,,WILLIAM P STODDEN AND STEPHANIE H CHOLENSKY,,2.000000
2024,FAYETTE,PRESIDENT,,WRITE IN,,31.000000
2024,FLOYD,PRESIDENT,,CHASE OLIVER AND MIKE TER MAAT,,29.000000
2024,FLOYD,PRESIDENT,,CLAUDIA DE LA CRUZ AND KARINA GARCIA,,5.000000
2024,FLOYD,PRESIDENT,,DONALD J TRUMP AND JD VANCE,REP,4744.000000
2024,FLOYD,PRESIDENT,,KAMALA D HARRIS AND TIM WALZ,DEM,2782.000000
2024,FLOYD,PRESIDENT,,ROBERT F KENNEDY JR AND NICOLE SHANAHAN,,63.000000
2024,FLOYD,PRESIDENT,,SHIVA AYYADURAI AND CRYSTAL ELLIS,,1.000000
2024,FLOYD,PRESIDENT,,WILLIAM P STODDEN AND STEPHANIE H CHOLENSKY,,1.000000
2024,FLOYD,PRESIDENT,,WRITE IN,,25.000000
2024,FRANKLIN,PRESIDENT,,CHASE OLIVER AND MIKE TER MAAT,,18.000000
2024,FRANKLIN,PRESIDENT,,CLAUDIA DE LA CRUZ AND KARINA GARCIA,,1.000000
2024,FRANKLIN,PRESIDENT,,DONALD J TRUMP AND JD VANCE,REP,3431.000000
2024,FRANKLIN,PRESIDENT,,KAMALA D HARRIS AND TIM WALZ,DEM,1393.000000
2024,FRANKLIN,PRESIDENT,,ROBERT F KENNEDY JR AND NICOLE SHANAHAN,,38.000000
2024,FRANKLIN,PRESIDENT,,SHIVA AYYADURAI AND CRYSTAL ELLIS,,3.000000
2024,FRANKLIN,PRESIDENT,,WILLIAM P STODDEN AND STEPHANIE H CHOLENSKY,,1.000000
2024,FRANKLIN,PRESIDENT,,WRITE IN,,15.000000
2024,FREMONT,PRESIDENT,,CHASE OLIVER AND MIKE TER MAAT,,15.000000
2024,FREMONT,PRESIDENT,,CLAUDIA DE LA CRUZ AND KARINA GARCIA,,1.000000
2024,FREMONT,PRESIDENT,,DONALD J TRUMP AND JD VANCE,REP,2711.000000
2024,FREMONT,PRESIDENT,,KAMALA D HARRIS AND TIM WALZ,DEM,1023.000000
2024,FREMONT,PRESIDENT,,ROBERT F KENNEDY JR AND NICOLE SHANAHAN,,35.000000
2024,FREMONT,PRESIDENT,,SHIVA AYYADURAI AND CRYSTAL ELLIS,,0.000000
2024,FREMONT,PRESIDENT,,WILLIAM P STODDEN AND STEPHANIE H CHOLENSKY,,0.000000
2024,FREMONT,PRESIDENT,,WRITE IN,,10.000000
2024,GREENE,PRESIDENT,,CHASE OLIVER AND MIKE TER MAAT,,24.000000
2024,GREENE,PRESIDENT,,CLAUDIA DE LA CRUZ AND KARINA GARCIA,,2.000000
2024,GREENE,PRESIDENT,,DONALD J TRUMP AND JD VANCE,REP,3211.000000
2024,GREENE,PRESIDENT,,KAMALA D HARRIS AND TIM WALZ,DEM,1603.000000
2024,GREENE,PRESIDENT,,ROBERT F KENNEDY JR AND NICOLE SHANAHAN,,34.000000
2024,GREENE,PRESIDENT,,SHIVA AYYADURAI AND CRYSTAL ELLIS,,0.000000
2024,GREENE,PRESIDENT,,WILLIAM P STODDEN AND STEPHANIE H CHOLENSKY,,0.000000
2024,GREENE,PRESIDENT,,WRITE IN,,7.000000
2024,GRUNDY,PRESIDENT,,CHASE OLIVER AND MIKE TER MAAT,,23.000000
2024,GRUNDY,PRESIDENT,,CLAUDIA DE LA CRUZ AND KARINA GARCIA,,1.000000
2024,GRUNDY,PRESIDENT,,DONALD J TRUMP AND JD VANCE,REP,4998.000000
2024,GRUNDY,PRESIDENT,,KAMALA D HARRIS AND TIM WALZ,DEM,2019.000000
2024,GRUNDY,PRESIDENT,,ROBERT F KENNEDY JR AND NICOLE SHANAHAN,,84.000000
2024,GRUNDY,PRESIDENT,,SHIVA AYYADURAI AND CRYSTAL ELLIS,,2.000000
2024,GRUNDY,PRESIDENT,,WILLIAM P STODDEN AND STEPHANIE H CHOLENSKY,,4.000000
2024,GRUNDY,PRESIDENT,,WRITE IN,,15.000000
2024,GUTHRIE,PRESIDENT,,CHASE OLIVER AND MIKE TER MAAT,,29.000000
2024,GUTHRIE,PRESIDENT,,CLAUDIA DE LA CRUZ AND KARINA GARCIA,,3.000000
2024,GUTHRIE,PRESIDENT,,DONALD J TRUMP AND JD VANCE,REP,4446.000000
2024,GUTHRIE,PRESIDENT,,KAMALA D HARRIS AND TIM WALZ,DEM,1974.000000
2024,GUTHRIE,PRESIDENT,,ROBERT F KENNEDY JR AND NICOLE SHANAHAN,,62.000000
2024,GUTHRIE,PRESIDENT,,SHIVA AYYADURAI AND CRYSTAL ELLIS,,0.000000
2024,GUTHRIE,PRESIDENT,,WILLIAM P STODDEN AND STEPHANIE H CHOLENSKY,,0.000000
2024,GUTHRIE,PRESIDENT,,WRITE IN,,29.000000
2024,HAMILTON,PRESIDENT,,CHASE OLIVER AND MIKE TER MAAT,,28.000000
2024,HAMILTON,PRESIDENT,,CLAUDIA DE LA CRUZ AND KARINA GARCIA,,4.000000
2024,HAMILTON,PRESIDENT,,DONALD J TRUMP AND JD VANCE,REP,5004.000000
2024,HAMILTON,PRESIDENT,,KAMALA D HARRIS AND TIM WALZ,DEM,2482.000000
2024,HAMILTON,PRESIDENT,,ROBERT F KENNEDY JR AND NICOLE SHANAHAN,,51.000000
2024,HAMILTON,PRESIDENT,,SHIVA AYYADURAI AND CRYSTAL ELLIS,,3.000000
2024,HAMILTON,PRESIDENT,,WILLIAM P STODDEN AND STEPHANIE H CHOLENSKY,,1.000000
2024,HAMILTON,PRESIDENT,,WRITE IN,,24.000000
2024,HANCOCK,PRESIDENT,,CHASE OLIVER AND MIKE TER MAAT,,21.000000
2024,HANCOCK,PRESIDENT,,CLAUDIA DE LA CRUZ AND KARINA GARCIA,,1.000000
2024,HANCOCK,PRESIDENT,,DONALD J TRUMP AND JD VANCE,REP,4336.000000
2024,HANCOCK,PRESIDENT,,KAMALA D HARRIS AND TIM WALZ,DEM,1523.000000
2024,HANCOCK,PRESIDENT,,ROBERT F KENNEDY JR AND NICOLE SHANAHAN,,48.000000
2024,HANCOCK,PRESIDENT,,SHIVA AYYADURAI AND CRYSTAL ELLIS,,3.000000
2024,HANCOCK,PRESIDENT,,WILLIAM P STODDEN AND STEPHANIE H CHOLENSKY,,1.000000
2024,HANCOCK,PRESIDENT,,WRITE IN,,6.000000
2024,HARDIN,PRESIDENT,,CHASE OLIVER AND MIKE TER MAAT,,27.000000
2024,HARDIN,PRESIDENT,,CLAUDIA DE LA CRUZ AND KARINA GARCIA,,6.000000
2024,HARDIN,PRESIDENT,,DONALD J TRUMP AND JD VANCE,REP,5790.000000
2024,HARDIN,PRESIDENT,,KAMALA D HARRIS AND TIM WALZ,DEM,2553.000000
2024,HARDIN,PRESIDENT,,ROBERT F KENNEDY JR AND NICOLE SHANAHAN,,50.000000
2024,HARDIN,PRESIDENT,,SHIVA AYYADURAI AND CRYSTAL ELLIS,,3.000000
2024,HARDIN,PRESIDENT,,WILLIAM P STODDEN AND STEPHANIE H CHOLENSKY,,5.000000
2024,HARDIN,PRESIDENT,,WRITE IN,,26.000000
2024,HARRISON,PRESIDENT,,CHASE OLIVER AND MIKE TER MAAT,,36.000000
2024,HARRISON,PRESIDENT,,CLAUDIA DE LA CRUZ AND KARINA GARCIA,,4.000000
2024,HARRISON,PRESIDENT,,DONALD J TRUMP AND JD VANCE,REP,5566.000000
2024,HARRISON,PRESIDENT,,KAMALA D HARRIS AND TIM WALZ,DEM,2245.000000
2024,HARRISON,PRESIDENT,,ROBERT F KENNEDY JR AND NICOLE SHANAHAN,,83.000000
2024,HARRISON,PRESIDENT,,SHIVA AYYADURAI AND CRYSTAL ELLIS,,1.000000
2024,HARRISON,PRESIDENT,,WILLIAM P STODDEN AND STEPHANIE H CHOLENSKY,,3.000000
2024,HARRISON,PRESIDENT,,WRITE IN,,21.000000
2024,HENRY,PRESIDENT,,CHASE OLIVER AND MIKE TER MAAT,,32.000000
2024,HENRY,PRESIDENT,,CLAUDIA DE LA CRUZ AND KARINA GARCIA,,13.000000
2024,HENRY,PRESIDENT,,DONALD J TRUMP AND JD VANCE,REP,6439.000000
2024,HENRY,PRESIDENT,,KAMALA D HARRIS AND TIM WALZ,DEM,2995.000000
2024,HENRY,PRESIDENT,,ROBERT F KENNEDY JR AND NICOLE SHANAHAN,,88.000000
2024,HENRY,PRESIDENT,,SHIVA AYYADURAI AND CRYSTAL ELLIS,,5.000000
2024,HENRY,PRESIDENT,,WILLIAM P STODDEN AND STEPHANIE H CHOLENSKY,,2.000000
2024,HENRY,PRESIDENT,,WRITE IN,,26.000000
2024,HOWARD,PRESIDENT,,CHASE OLIVER AND MIKE TER MAAT,,8.000000
2024,HOWARD,PRESIDENT,,CLAUDIA DE LA CRUZ AND KARINA GARCIA,,3.000000
2024,HOWARD,PRESIDENT,,DONALD J TRUMP AND JD VANCE,REP,3157.000000
2024,HOWARD,PRESIDENT,,KAMALA D HARRIS AND TIM WALZ,DEM,1619.000000
2024,HOWARD,PRESIDENT,,ROBERT F KENNEDY JR AND NICOLE SHANAHAN,,50.000000
2024,HOWARD,PRESIDENT,,SHIVA AYYADURAI AND CRYSTAL ELLIS,,0.000000
2024,HOWARD,PRESIDENT,,WILLIAM P STODDEN AND STEPHANIE H CHOLENSKY,,0.000000
2024,HOWARD,PRESIDENT,,WRITE IN,,13.000000
2024,HUMBOLDT,PRESIDENT,,CHASE OLIVER AND MIKE TER MAAT,,17.000000
2024,HUMBOLDT,PRESIDENT,,CLAUDIA DE LA CRUZ AND KARINA GARCIA,,3.000000
2024,HUMBOLDT,PRESIDENT,,DONALD J TRUMP AND JD VANCE,REP,3770.000000
2024,HUMBOLDT,PRESIDENT,,KAMALA D HARRIS AND TIM WALZ,DEM,1236.000000
2024,HUMBOLDT,PRESIDENT,,ROBERT F KENNEDY JR AND NICOLE SHANAHAN,,40.000000
2024,HUMBOLDT,PRESIDENT,,SHIVA AYYADURAI AND CRYSTAL ELLIS,,0.000000
2024,HUMBOLDT,PRESIDENT,,WILLIAM P STODDEN AND STEPHANIE H CHOLENSKY,,1.000000
2024,HUMBOLDT,PRESIDENT,,WRITE IN,,16.000000
2024,IDA,PRESIDENT,,CHASE OLIVER AND MIKE TER MAAT,,11.000000
2024,IDA,PRESIDENT,,CLAUDIA DE LA CRUZ AND KARINA GARCIA,,4.000000
2024,IDA,PRESIDENT,,DONALD J TRUMP AND JD VANCE,REP,2771.000000
2024,IDA,PRESIDENT,,KAMALA D HARRIS AND TIM WALZ,DEM,826.000000
2024,IDA,PRESIDENT,,ROBERT F KENNEDY JR AND NICOLE SHANAHAN,,29.000000
2024,IDA,PRESIDENT,,SHIVA AYYADURAI AND CRYSTAL ELLIS,,0.000000
2024,IDA,PRESIDENT,,WILLIAM P STODDEN AND STEPHANIE H CHOLENSKY,,1.000000
2024,IDA,PRESIDENT,,WRITE IN,,13.000000
2024,IOWA,PRESIDENT,,CHASE OLIVER AND MIKE TER MAAT,,48.000000
2024,IOWA,PRESIDENT,,CLAUDIA DE LA CRUZ AND KARINA GARCIA,,8.000000
2024,IOWA,PRESIDENT,,DONALD J TRUMP AND JD VANCE,REP,6068.000000
2024,IOWA,PRESIDENT,,KAMALA D HARRIS AND TIM WALZ,DEM,3400.000000
2024,IOWA,PRESIDENT,,ROBERT F KENNEDY JR AND NICOLE SHANAHAN,,84.000000
2024,IOWA,PRESIDENT,,SHIVA AYYADURAI AND CRYSTAL ELLIS,,5.000000
2024,IOWA,PRESIDENT,,WILLIAM P STODDEN AND STEPHANIE H CHOLENSKY,,4.000000
2024,IOWA,PRESIDENT,,WRITE IN,,22.000000
2024,JACKSON,PRESIDENT,,CHASE OLIVER AND MIKE TER MAAT,,37.000000
2024,JACKSON,PRESIDENT,,CLAUDIA DE LA CRUZ AND KARINA GARCIA,,6.000000
2024,JACKSON,PRESIDENT,,DONALD J TRUMP AND JD VANCE,REP,7074.000000
2024,JACKSON,PRESIDENT,,KAMALA D HARRIS AND TIM WALZ,DEM,3567.000000
2024,JACKSON,PRESIDENT,,ROBERT F KENNEDY JR AND NICOLE SHANAHAN,,94.000000
2024,JACKSON,PRESIDENT,,SHIVA AYYADURAI AND CRYSTAL ELLIS,,1.000000
2024,JACKSON,PRESIDENT,,WILLIAM P STODDEN AND STEPHANIE H CHOLENSKY,,3.000000
2024,JACKSON,PRESIDENT,,WRITE IN,,19.000000
2024,JASPER,PRESIDENT,,CHASE OLIVER AND MIKE TER MAAT,,100.000000
2024,JASPER,PRESIDENT,,CLAUDIA DE LA CRUZ AND KARINA GARCIA,,7.000000
2024,JASPER,PRESIDENT,,DONALD J TRUMP AND JD VANCE,REP,12701.000000
2024,JASPER,PRESIDENT,,KAMALA D HARRIS AND TIM WALZ,DEM,7141.000000
2024,JASPER,PRESIDENT,,ROBERT F KENNEDY JR AND NICOLE SHANAHAN,,192.000000
2024,JASPER,PRESIDENT,,SHIVA AYYADURAI AND CRYSTAL ELLIS,,7.000000
2024,JASPER,PRESIDENT,,WILLIAM P STODDEN AND STEPHANIE H CHOLENSKY,,1.000000
2024,JASPER,PRESIDENT,,WRITE IN,,49.000000
2024,JEFFERSON,PRESIDENT,,CHASE OLIVER AND MIKE TER MAAT,,43.000000
2024,JEFFERSON,PRESIDENT,,CLAUDIA DE LA CRUZ AND KARINA GARCIA,,12.000000
2024,JEFFERSON,PRESIDENT,,DONALD J TRUMP AND JD VANCE,REP,4353.000000
2024,JEFFERSON,PRESIDENT,,KAMALA D HARRIS AND TIM WALZ,DEM,3788.000000
2024,JEFFERSON,PRESIDENT,,ROBERT F KENNEDY JR AND NICOLE SHANAHAN,,106.000000
2024,JEFFERSON,PRESIDENT,,SHIVA AYYADURAI AND CRYSTAL ELLIS,,12.000000
2024,JEFFERSON,PRESIDENT,,WILLIAM P STODDEN AND STEPHANIE H CHOLENSKY,,3.000000
2024,JEFFERSON,PRESIDENT,,WRITE IN,,29.000000
2024,JOHNSON,PRESIDENT,,CHASE OLIVER AND MIKE TER MAAT,,402.000000
2024,JOHNSON,PRESIDENT,,CLAUDIA DE LA CRUZ AND KARINA GARCIA,,218.000000
2024,JOHNSON,PRESIDENT,,DONALD J TRUMP AND JD VANCE,REP,26087.000000
2024,JOHNSON,PRESIDENT,,KAMALA D HARRIS AND TIM WALZ,DEM,58846.000000
2024,JOHNSON,PRESIDENT,,ROBERT F KENNEDY JR AND NICOLE SHANAHAN,,484.000000
2024,JOHNSON,PRESIDENT,,SHIVA AYYADURAI AND CRYSTAL ELLIS,,14.000000
2024,JOHNSON,PRESIDENT,,WILLIAM P STODDEN AND STEPHANIE H CHOLENSKY,,17.000000
2024,JOHNSON,PRESIDENT,,WRITE IN,,576.000000
2024,JONES,PRESIDENT,,CHASE OLIVER AND MIKE TER MAAT,,52.000000
2024,JONES,PRESIDENT,,CLAUDIA DE LA CRUZ AND KARINA GARCIA,,7.000000
2024,JONES,PRESIDENT,,DONALD J TRUMP AND JD VANCE,REP,6820.000000
2024,JONES,PRESIDENT,,KAMALA D HARRIS AND TIM WALZ,DEM,3942.000000
2024,JONES,PRESIDENT,,ROBERT F KENNEDY JR AND NICOLE SHANAHAN,,121.000000
2024,JONES,PRESIDENT,,SHIVA AYYADURAI AND CRYSTAL ELLIS,,6.000000
2024,JONES,PRESIDENT,,WILLIAM P STODDEN AND STEPHANIE H CHOLENSKY,,1.000000
2024,JONES,PRESIDENT,,WRITE IN,,31.000000
2024,KEOKUK,PRESIDENT,,CHASE OLIVER AND MIKE TER MAAT,,11.000000
2024,KEOKUK,PRESIDENT,,CLAUDIA DE LA CRUZ AND KARINA GARCIA,,0.000000
2024,KEOKUK,PRESIDENT,,DONALD J TRUMP AND JD VANCE,REP,3869.000000
2024,KEOKUK,PRESIDENT,,KAMALA D HARRIS AND TIM WALZ,DEM,1219.000000
2024,KEOKUK,PRESIDENT,,ROBERT F KENNEDY JR AND NICOLE SHANAHAN,,42.000000
2024,KEOKUK,PRESIDENT,,SHIVA AYYADURAI AND CRYSTAL ELLIS,,0.000000
2024,KEOKUK,PRESIDENT,,WILLIAM P STODDEN AND STEPHANIE H CHOLENSKY,,1.000000
2024,KEOKUK,PRESIDENT,,WRITE IN,,8.000000
2024,KOSSUTH,PRESIDENT,,CHASE OLIVER AND MIKE TER MAAT,,24.000000
2024,KOSSUTH,PRESIDENT,,CLAUDIA DE LA CRUZ AND KARINA GARCIA,,3.000000
2024,KOSSUTH,PRESIDENT,,DONALD J TRUMP AND JD VANCE,REP,5983.000000
2024,KOSSUTH,PRESIDENT,,KAMALA D HARRIS AND TIM WALZ,DEM,2284.000000
2024,KOSSUTH,PRESIDENT,,ROBERT F KENNEDY JR AND NICOLE SHANAHAN,,78.000000
2024,KOSSUTH,PRESIDENT,,SHIVA AYYADURAI AND CRYSTAL ELLIS,,3.000000
2024,KOSSUTH,PRESIDENT,,WILLIAM P STODDEN AND STEPHANIE H CHOLENSKY,,1.000000
2024,KOSSUTH,PRESIDENT,,WRITE IN,,21.000000
2024,LEE,PRESIDENT,,CHASE OLIVER AND MIKE TER MAAT,,87.000000
2024,LEE,PRESIDENT,,CLAUDIA DE LA CRUZ AND KARINA GARCIA,,6.000000
2024,LEE,PRESIDENT,,DONALD J TRUMP AND JD VANCE,REP,10152.000000
2024,LEE,PRESIDENT,,KAMALA D HARRIS AND TIM WALZ,DEM,5659.000000
2024,LEE,PRESIDENT,,ROBERT F KENNEDY JR AND NICOLE SHANAHAN,,235.000000
2024,LEE,PRESIDENT,,SHIVA AYYADURAI AND CRYSTAL ELLIS,,12.000000
2024,LEE,PRESIDENT,,WILLIAM P STODDEN AND STEPHANIE H CHOLENSKY,,3.000000
2024,LEE,PRESIDENT,,WRITE IN,,44.000000
2024,LINN,PRESIDENT,,CHASE OLIVER AND MIKE TER MAAT,,667.000000
2024,LINN,PRESIDENT,,CLAUDIA DE LA CRUZ AND KARINA GARCIA,,101.000000
2024,LINN,PRESIDENT,,DONALD J TRUMP AND JD VANCE,REP,54237.000000
2024,LINN,PRESIDENT,,KAMALA D HARRIS AND TIM WALZ,DEM,66358.000000
2024,LINN,PRESIDENT,,ROBERT F KENNEDY JR AND NICOLE SHANAHAN,,938.000000
2024,LINN,PRESIDENT,,SHIVA AYYADURAI AND CRYSTAL ELLIS,,40.000000
2024,LINN,PRESIDENT,,WILLIAM P STODDEN AND STEPHANIE H CHOLENSKY,,28.000000
2024,LINN,PRESIDENT,,WRITE IN,,590.000000
2024,LOUISA,PRESIDENT,,CHASE OLIVER AND MIKE TER MAAT,,16.000000
2024,LOUISA,PRESIDENT,,CLAUDIA DE LA CRUZ AND KARINA GARCIA,,4.000000
2024,LOUISA,PRESIDENT,,DONALD J TRUMP AND JD VANCE,REP,3584.000000
2024,LOUISA,PRESIDENT,,KAMALA D HARRIS AND TIM WALZ,DEM,1480.000000
2024,LOUISA,PRESIDENT,,ROBERT F KENNEDY JR AND NICOLE SHANAHAN,,49.000000
2024,LOUISA,PRESIDENT,,SHIVA AYYADURAI AND CRYSTAL ELLIS,,2.000000
2024,LOUISA,PRESIDENT,,WILLIAM P STODDEN AND STEPHANIE H CHOLENSKY,,1.000000
2024,LOUISA,PRESIDENT,,WRITE IN,,6.000000
2024,LUCAS,PRESIDENT,,CHASE OLIVER AND MIKE TER MAAT,,11.000000
2024,LUCAS,PRESIDENT,,CLAUDIA DE LA CRUZ AND KARINA GARCIA,,2.000000
2024,LUCAS,PRESIDENT,,DONALD J TRUMP AND JD VANCE,REP,3400.000000
2024,LUCAS,PRESIDENT,,KAMALA D HARRIS AND TIM WALZ,DEM,1169.000000
2024,LUCAS,PRESIDENT,,ROBERT F KENNEDY JR AND NICOLE SHANAHAN,,56.000000
2024,LUCAS,PRESIDENT,,SHIVA AYYADURAI AND CRYSTAL ELLIS,,1.000000
2024,LUCAS,PRESIDENT,,WILLIAM P STODDEN AND STEPHANIE H CHOLENSKY,,0.000000
2024,LUCAS,PRESIDENT,,WRITE IN,,7.000000
2024,LYON,PRESIDENT,,CHASE OLIVER AND MIKE TER MAAT,,20.000000
2024,LYON,PRESIDENT,,CLAUDIA DE LA CRUZ AND KARINA GARCIA,,2.000000
2024,LYON,PRESIDENT,,DONALD J TRUMP AND JD VANCE,REP,5899.000000
2024,LYON,PRESIDENT,,KAMALA D HARRIS AND TIM WALZ,DEM,1023.000000
2024,LYON,PRESIDENT,,ROBERT F KENNEDY JR AND NICOLE SHANAHAN,,38.000000
2024,LYON,PRESIDENT,,SHIVA AYYADURAI AND CRYSTAL ELLIS,,1.000000
2024,LYON,PRESIDENT,,WILLIAM P STODDEN AND STEPHANIE H CHOLENSKY,,1.000000
2024,LYON,PRESIDENT,,WRITE IN,,18.000000
2024,MADISON,PRESIDENT,,CHASE OLIVER AND MIKE TER MAAT,,46.000000
2024,MADISON,PRESIDENT,,CLAUDIA DE LA CRUZ AND KARINA GARCIA,,4.000000
2024,MADISON,PRESIDENT,,DONALD J TRUMP AND JD VANCE,REP,6864.000000
2024,MADISON,PRESIDENT,,KAMALA D HARRIS AND TIM WALZ,DEM,3008.000000
2024,MADISON,PRESIDENT,,ROBERT F KENNEDY JR AND NICOLE SHANAHAN,,68.000000
2024,MADISON,PRESIDENT,,SHIVA AYYADURAI AND CRYSTAL ELLIS,,2.000000
2024,MADISON,PRESIDENT,,WILLIAM P STODDEN AND STEPHANIE H CHOLENSKY,,3.000000
2024,MADISON,PRESIDENT,,WRITE IN,,33.000000
2024,MAHASKA,PRESIDENT,,CHASE OLIVER AND MIKE TER MAAT,,41.000000
2024,MAHASKA,PRESIDENT,,CLAUDIA DE LA CRUZ AND KARINA GARCIA,,2.000000
2024,MAHASKA,PRESIDENT,,DONALD J TRUMP AND JD VANCE,REP,8207.000000
2024,MAHASKA,PRESIDENT,,KAMALA D HARRIS AND TIM WALZ,DEM,2577.000000
2024,MAHASKA,PRESIDENT,,ROBERT F KENNEDY JR AND NICOLE SHANAHAN,,82.000000
2024,MAHASKA,PRESIDENT,,SHIVA AYYADURAI AND CRYSTAL ELLIS,,1.000000
2024,MAHASKA,PRESIDENT,,WILLIAM P STODDEN AND STEPHANIE H CHOLENSKY,,0.000000
2024,MAHASKA,PRESIDENT,,WRITE IN,,36.000000
2024,MARION,PRESIDENT,,CHASE OLIVER AND MIKE TER MAAT,,97.000000
2024,MARION,PRESIDENT,,CLAUDIA DE LA CRUZ AND KARINA GARCIA,,7.000000
2024,MARION,PRESIDENT,,DONALD J TRUMP AND JD VANCE,REP,13289.000000
2024,MARION,PRESIDENT,,KAMALA D HARRIS AND TIM WALZ,DEM,5928.000000
2024,MARION,PRESIDENT,,ROBERT F KENNEDY JR AND NICOLE SHANAHAN,,163.000000
2024,MARION,PRESIDENT,,SHIVA AYYADURAI AND CRYSTAL ELLIS,,2.000000
2024,MARION,PRESIDENT,,WILLIAM P STODDEN AND STEPHANIE H CHOLENSKY,,4.000000
2024,MARION,PRESIDENT,,WRITE IN,,76.000000
2024,MARSHALL,PRESIDENT,,CHASE OLIVER AND MIKE TER MAAT,,77.000000
2024,MARSHALL,PRESIDENT,,CLAUDIA DE LA CRUZ AND KARINA GARCIA,,16.000000
2024,MARSHALL,PRESIDENT,,DONALD J TRUMP AND JD VANCE,REP,9815.000000
2024,MARSHALL,PRESIDENT,,KAMALA D HARRIS AND TIM WALZ,DEM,7134.000000
2024,MARSHALL,PRESIDENT,,ROBERT F KENNEDY JR AND NICOLE SHANAHAN,,170.000000
2024,MARSHALL,PRESIDENT,,SHIVA AYYADURAI AND CRYSTAL ELLIS,,1.000000
2024,MARSHALL,PRESIDENT,,WILLIAM P STODDEN AND STEPHANIE H CHOLENSKY,,4.000000
2024,MARSHALL,PRESIDENT,,WRITE IN,,53.000000
2024,MILLS,PRESIDENT,,CHASE OLIVER AND MIKE TER MAAT,,42.000000
2024,MILLS,PRESIDENT,,CLAUDIA DE LA CRUZ AND KARINA GARCIA,,1.000000
2024,MILLS,PRESIDENT,,DONALD J TRUMP AND JD VANCE,REP,5671.000000
2024,MILLS,PRESIDENT,,KAMALA D HARRIS AND TIM WALZ,DEM,2456.000000
2024,MILLS,PRESIDENT,,ROBERT F KENNEDY JR AND NICOLE SHANAHAN,,51.000000
2024,MILLS,PRESIDENT,,SHIVA AYYADURAI AND CRYSTAL ELLIS,,1.000000
2024,MILLS,PRESIDENT,,WILLIAM P STODDEN AND STEPHANIE H CHOLENSKY,,1.000000
2024,MILLS,PRESIDENT,,WRITE IN,,30.000000
2024,MITCHELL,PRESIDENT,,CHASE OLIVER AND MIKE TER MAAT,,24.000000
2024,MITCHELL,PRESIDENT,,CLAUDIA DE LA CRUZ AND KARINA GARCIA,,1.000000
2024,MITCHELL,PRESIDENT,,DONALD J TRUMP AND JD VANCE,REP,3736.000000
2024,MITCHELL,PRESIDENT,,KAMALA D HARRIS AND TIM WALZ,DEM,1943.000000
2024,MITCHELL,PRESIDENT,,ROBERT F KENNEDY JR AND NICOLE SHANAHAN,,50.000000
2024,MITCHELL,PRESIDENT,,SHIVA AYYADURAI AND CRYSTAL ELLIS,,1.000000
2024,MITCHELL,PRESIDENT,,WILLIAM P STODDEN AND STEPHANIE H CHOLENSKY,,2.000000
2024,MITCHELL,PRESIDENT,,WRITE IN,,14.000000
2024,MONONA,PRESIDENT,,CHASE OLIVER AND MIKE TER MAAT,,11.000000
2024,MONONA,PRESIDENT,,CLAUDIA DE LA CRUZ AND KARINA GARCIA,,2.000000
2024,MONONA,PRESIDENT,,DONALD J TRUMP AND JD VANCE,REP,3331.000000
2024,MONONA,PRESIDENT,,KAMALA D HARRIS AND TIM WALZ,DEM,1236.000000
2024,MONONA,PRESIDENT,,ROBERT F KENNEDY JR AND NICOLE SHANAHAN,,34.000000
2024,MONONA,PRESIDENT,,SHIVA AYYADURAI AND CRYSTAL ELLIS,,0.000000
2024,MONONA,PRESIDENT,,WILLIAM P STODDEN AND STEPHANIE H CHOLENSKY,,2.000000
2024,MONONA,PRESIDENT,,WRITE IN,,21.000000
2024,MONROE,PRESIDENT,,CHASE OLIVER AND MIKE TER MAAT,,6.000000
2024,MONROE,PRESIDENT,,CLAUDIA DE LA CRUZ AND KARINA GARCIA,,1.000000
2024,MONROE,PRESIDENT,,DONALD J TRUMP AND JD VANCE,REP,3104.000000
2024,MONROE,PRESIDENT,,KAMALA D HARRIS AND TIM WALZ,DEM,1002.000000
2024,MONROE,PRESIDENT,,ROBERT F KENNEDY JR AND NICOLE SHANAHAN,,31.000000
2024,MONROE,PRESIDENT,,SHIVA AYYADURAI AND CRYSTAL ELLIS,,0.000000
2024,MONROE,PRESIDENT,,WILLIAM P STODDEN AND STEPHANIE H CHOLENSKY,,2.000000
2024,MONROE,PRESIDENT,,WRITE IN,,12.000000
2024,MONTGOMERY,PRESIDENT,,CHASE OLIVER AND MIKE TER MAAT,,18.000000
2024,MONTGOMERY,PRESIDENT,,CLAUDIA DE LA CRUZ AND KARINA GARCIA,,3.000000
2024,MONTGOMERY,PRESIDENT,,DONALD J TRUMP AND JD VANCE,REP,3486.000000
2024,MONTGOMERY,PRESIDENT,,KAMALA D HARRIS AND TIM WALZ,DEM,1508.000000
2024,MONTGOMERY,PRESIDENT,,ROBERT F KENNEDY JR AND NICOLE SHANAHAN,,42.000000
2024,MONTGOMERY,PRESIDENT,,SHIVA AYYADURAI AND CRYSTAL ELLIS,,2.000000
2024,MONTGOMERY,PRESIDENT,,WILLIAM P STODDEN AND STEPHANIE H CHOLENSKY,,2.000000
2024,MONTGOMERY,PRESIDENT,,WRITE IN,,13.000000
2024,MUSCATINE,PRESIDENT,,CHASE OLIVER AND MIKE TER MAAT,,87.000000
2024,MUSCATINE,PRESIDENT,,CLAUDIA DE LA CRUZ AND KARINA GARCIA,,26.000000
2024,MUSCATINE,PRESIDENT,,DONALD J TRUMP AND JD VANCE,REP,11152.000000
2024,MUSCATINE,PRESIDENT,,KAMALA D HARRIS AND TIM WALZ,DEM,8212.000000
2024,MUSCATINE,PRESIDENT,,ROBERT F KENNEDY JR AND NICOLE SHANAHAN,,204.000000
2024,MUSCATINE,PRESIDENT,,SHIVA AYYADURAI AND CRYSTAL ELLIS,,6.000000
2024,MUSCATINE,PRESIDENT,,WILLIAM P STODDEN AND STEPHANIE H CHOLENSKY,,8.000000
2024,MUSCATINE,PRESIDENT,,WRITE IN,,57.000000
2024,OBRIEN,PRESIDENT,,CHASE OLIVER AND MIKE TER MAAT,,22.000000
2024,OBRIEN,PRESIDENT,,CLAUDIA DE LA CRUZ AND KARINA GARCIA,,3.000000
2024,OBRIEN,PRESIDENT,,DONALD J TRUMP AND JD VANCE,REP,5998.000000
2024,OBRIEN,PRESIDENT,,KAMALA D HARRIS AND TIM WALZ,DEM,1428.000000
2024,OBRIEN,PRESIDENT,,ROBERT F KENNEDY JR AND NICOLE SHANAHAN,,48.000000
2024,OBRIEN,PRESIDENT,,SHIVA AYYADURAI AND CRYSTAL ELLIS,,0.000000
2024,OBRIEN,PRESIDENT,,WILLIAM P STODDEN AND STEPHANIE H CHOLENSKY,,2.000000
2024,OBRIEN,PRESIDENT,,WRITE IN,,24.000000
2024,OSCEOLA,PRESIDENT,,CHASE OLIVER AND MIKE TER MAAT,,6.000000
2024,OSCEOLA,PRESIDENT,,CLAUDIA DE LA CRUZ AND KARINA GARCIA,,1.000000
2024,OSCEOLA,PRESIDENT,,DONALD J TRUMP AND JD VANCE,REP,2623.000000
2024,OSCEOLA,PRESIDENT,,KAMALA D HARRIS AND TIM WALZ,DEM,555.000000
2024,OSCEOLA,PRESIDENT,,ROBERT F KENNEDY JR AND NICOLE SHANAHAN,,32.000000
2024,OSCEOLA,PRESIDENT,,SHIVA AYYADURAI AND CRYSTAL ELLIS,,1.000000
2024,OSCEOLA,PRESIDENT,,WILLIAM P STODDEN AND STEPHANIE H CHOLENSKY,,1.000000
2024,OSCEOLA,PRESIDENT,,WRITE IN,,10.000000
2024,PAGE,PRESIDENT,,CHASE OLIVER AND MIKE TER MAAT,,28.000000
2024,PAGE,PRESIDENT,,CLAUDIA DE LA CRUZ AND KARINA GARCIA,,2.000000
2024,PAGE,PRESIDENT,,DONALD J TRUMP AND JD VANCE,REP,5153.000000
2024,PAGE,PRESIDENT,,KAMALA D HARRIS AND TIM WALZ,DEM,2060.000000
2024,PAGE,PRESIDENT,,ROBERT F KENNEDY JR AND NICOLE SHANAHAN,,51.000000
2024,PAGE,PRESIDENT,,SHIVA AYYADURAI AND CRYSTAL ELLIS,,2.000000
2024,PAGE,PRESIDENT,,WILLIAM P STODDEN AND STEPHANIE H CHOLENSKY,,1.000000
2024,PAGE,PRESIDENT,,WRITE IN,,25.000000
2024,PALO ALTO,PRESIDENT,,CHASE OLIVER AND MIKE TER MAAT,,14.000000
2024,PALO ALTO,PRESIDENT,,CLAUDIA DE LA CRUZ AND KARINA GARCIA,,2.000000
2024,PALO ALTO,PRESIDENT,,DONALD J TRUMP AND JD VANCE,REP,3576.000000
2024,PALO ALTO,PRESIDENT,,KAMALA D HARRIS AND TIM WALZ,DEM,1338.000000
2024,PALO ALTO,PRESIDENT,,ROBERT F KENNEDY JR AND NICOLE SHANAHAN,,45.000000
2024,PALO ALTO,PRESIDENT,,SHIVA AYYADURAI AND CRYSTAL ELLIS,,0.000000
2024,PALO ALTO,PRESIDENT,,WILLIAM P STODDEN AND STEPHANIE H CHOLENSKY,,1.000000
2024,PALO ALTO,PRESIDENT,,WRITE IN,,6.000000
2024,PLYMOUTH,PRESIDENT,,CHASE OLIVER AND MIKE TER MAAT,,45.000000
2024,PLYMOUTH,PRESIDENT,,CLAUDIA DE LA CRUZ AND KARINA GARCIA,,7.000000
2024,PLYMOUTH,PRESIDENT,,DONALD J TRUMP AND JD VANCE,REP,10661.000000
2024,PLYMOUTH,PRESIDENT,,KAMALA D HARRIS AND TIM WALZ,DEM,3104.000000
2024,PLYMOUTH,PRESIDENT,,ROBERT F KENNEDY JR AND NICOLE SHANAHAN,,107.000000
2024,PLYMOUTH,PRESIDENT,,SHIVA AYYADURAI AND CRYSTAL ELLIS,,3.000000
2024,PLYMOUTH,PRESIDENT,,WILLIAM P STODDEN AND STEPHANIE H CHOLENSKY,,4.000000
2024,PLYMOUTH,PRESIDENT,,WRITE IN,,40.000000
2024,POCAHONTAS,PRESIDENT,,CHASE OLIVER AND MIKE TER MAAT,,20.000000
2024,POCAHONTAS,PRESIDENT,,CLAUDIA DE LA CRUZ AND KARINA GARCIA,,2.000000
2024,POCAHONTAS,PRESIDENT,,DONALD J TRUMP AND JD VANCE,REP,2727.000000
2024,POCAHONTAS,PRESIDENT,,KAMALA D HARRIS AND TIM WALZ,DEM,796.000000
2024,POCAHONTAS,PRESIDENT,,ROBERT F KENNEDY JR AND NICOLE SHANAHAN,,28.000000
2024,POCAHONTAS,PRESIDENT,,SHIVA AYYADURAI AND CRYSTAL ELLIS,,0.000000
2024,POCAHONTAS,PRESIDENT,,WILLIAM P STODDEN AND STEPHANIE H CHOLENSKY,,0.000000
2024,POCAHONTAS,PRESIDENT,,WRITE IN,,9.000000
2024,POLK,PRESIDENT,,CHASE OLIVER AND MIKE TER MAAT,,1211.000000
2024,POLK,PRESIDENT,,CLAUDIA DE LA CRUZ AND KARINA GARCIA,,321.000000
2024,POLK,PRESIDENT,,DONALD J TRUMP AND JD VANCE,REP,112240.000000
2024,POLK,PRESIDENT,,KAMALA D HARRIS AND TIM WALZ,DEM,140075.000000
2024,POLK,PRESIDENT,,ROBERT F KENNEDY JR AND NICOLE SHANAHAN,,1596.000000
2024,POLK,PRESIDENT,,SHIVA AYYADURAI AND CRYSTAL ELLIS,,62.000000
2024,POLK,PRESIDENT,,WILLIAM P STODDEN AND STEPHANIE H CHOLENSKY,,58.000000
2024,POLK,PRESIDENT,,WRITE IN,,1275.000000
2024,POTTAWATTAMIE,PRESIDENT,,CHASE OLIVER AND MIKE TER MAAT,,190.000000
2024,POTTAWATTAMIE,PRESIDENT,,CLAUDIA DE LA CRUZ AND KARINA GARCIA,,17.000000
2024,POTTAWATTAMIE,PRESIDENT,,DONALD J TRUMP AND JD VANCE,REP,26335.000000
2024,POTTAWATTAMIE,PRESIDENT,,KAMALA D HARRIS AND TIM WALZ,DEM,17468.000000
2024,POTTAWATTAMIE,PRESIDENT,,ROBERT F KENNEDY JR AND NICOLE SHANAHAN,,385.000000
2024,POTTAWATTAMIE,PRESIDENT,,SHIVA AYYADURAI AND CRYSTAL ELLIS,,13.000000
2024,POTTAWATTAMIE,PRESIDENT,,WILLIAM P STODDEN AND STEPHANIE H CHOLENSKY,,3.000000
2024,POTTAWATTAMIE,PRESIDENT,,WRITE IN,,148.000000
2024,POWESHIEK,PRESIDENT,,CHASE OLIVER AND MIKE TER MAAT,,33.000000
2024,POWESHIEK,PRESIDENT,,CLAUDIA DE LA CRUZ AND KARINA GARCIA,,10.000000
2024,POWESHIEK,PRESIDENT,,DONALD J TRUMP AND JD VANCE,REP,5758.000000
2024,POWESHIEK,PRESIDENT,,KAMALA D HARRIS AND TIM WALZ,DEM,4067.000000
2024,POWESHIEK,PRESIDENT,,ROBERT F KENNEDY JR AND NICOLE SHANAHAN,,97.000000
2024,POWESHIEK,PRESIDENT,,SHIVA AYYADURAI AND CRYSTAL ELLIS,,2.000000
2024,POWESHIEK,PRESIDENT,,WILLIAM P STODDEN AND STEPHANIE H CHOLENSKY,,4.000000
2024,POWESHIEK,PRESIDENT,,WRITE IN,,42.000000
2024,RINGGOLD,PRESIDENT,,CHASE OLIVER AND MIKE TER MAAT,,3.000000
2024,RINGGOLD,PRESIDENT,,CLAUDIA DE LA CRUZ AND KARINA GARCIA,,0.000000
2024,RINGGOLD,PRESIDENT,,DONALD J TRUMP AND JD VANCE,REP,2015.000000
2024,RINGGOLD,PRESIDENT,,KAMALA D HARRIS AND TIM WALZ,DEM,638.000000
2024,RINGGOLD,PRESIDENT,,ROBERT F KENNEDY JR AND NICOLE SHANAHAN,,27.000000
2024,RINGGOLD,PRESIDENT,,SHIVA AYYADURAI AND CRYSTAL ELLIS,,0.000000
2024,RINGGOLD,PRESIDENT,,WILLIAM P STODDEN AND STEPHANIE H CHOLENSKY,,0.000000
2024,RINGGOLD,PRESIDENT,,WRITE IN,,3.000000
2024,SAC,PRESIDENT,,CHASE OLIVER AND MIKE TER MAAT,,13.000000
2024,SAC,PRESIDENT,,CLAUDIA DE LA CRUZ AND KARINA GARCIA,,1.000000
2024,SAC,PRESIDENT,,DONALD J TRUMP AND JD VANCE,REP,4100.000000
2024,SAC,PRESIDENT,,KAMALA D HARRIS AND TIM WALZ,DEM,1289.000000
2024,SAC,PRESIDENT,,ROBERT F KENNEDY JR AND NICOLE SHANAHAN,,40.000000
2024,SAC,PRESIDENT,,SHIVA AYYADURAI AND CRYSTAL ELLIS,,2.000000
2024,SAC,PRESIDENT,,WILLIAM P STODDEN AND STEPHANIE H CHOLENSKY,,3.000000
2024,SAC,PRESIDENT,,WRITE IN,,12.000000
2024,SCOTT,PRESIDENT,,CHASE OLIVER AND MIKE TER MAAT,,439.000000
2024,SCOTT,PRESIDENT,,CLAUDIA DE LA CRUZ AND KARINA GARCIA,,86.000000
2024,SCOTT,PRESIDENT,,DONALD J TRUMP AND JD VANCE,REP,45976.000000
2024,SCOTT,PRESIDENT,,KAMALA D HARRIS AND TIM WALZ,DEM,42479.000000
2024,SCOTT,PRESIDENT,,ROBERT F KENNEDY JR AND NICOLE SHANAHAN,,723.000000
2024,SCOTT,PRESIDENT,,SHIVA AYYADURAI AND CRYSTAL ELLIS,,20.000000
2024,SCOTT,PRESIDENT,,WILLIAM P STODDEN AND STEPHANIE H CHOLENSKY,,20.000000
2024,SCOTT,PRESIDENT,,WRITE IN,,390.000000
2024,SHELBY,PRESIDENT,,CHASE OLIVER AND MIKE TER MAAT,,21.000000
2024,SHELBY,PRESIDENT,,CLAUDIA DE LA CRUZ AND KARINA GARCIA,,3.000000
2024,SHELBY,PRESIDENT,,DONALD J TRUMP AND JD VANCE,REP,4600.000000
2024,SHELBY,PRESIDENT,,KAMALA D HARRIS AND TIM WALZ,DEM,1811.000000
2024,SHELBY,PRESIDENT,,ROBERT F KENNEDY JR AND NICOLE SHANAHAN,,49.000000
2024,SHELBY,PRESIDENT,,SHIVA AYYADURAI AND CRYSTAL ELLIS,,0.000000
2024,SHELBY,PRESIDENT,,WILLIAM P STODDEN AND STEPHANIE H CHOLENSKY,,2.000000
2024,SHELBY,PRESIDENT,,WRITE IN,,19.000000
2024,SIOUX,PRESIDENT,,CHASE OLIVER AND MIKE TER MAAT,,78.000000
2024,SIOUX,PRESIDENT,,CLAUDIA DE LA CRUZ AND KARINA GARCIA,,7.000000
2024,SIOUX,PRESIDENT,,DONALD J TRUMP AND JD VANCE,REP,16053.000000
2024,SIOUX,PRESIDENT,,KAMALA D HARRIS AND TIM WALZ,DEM,2626.000000
2024,SIOUX,PRESIDENT,,ROBERT F KENNEDY JR AND NICOLE SHANAHAN,,107.000000
2024,SIOUX,PRESIDENT,,SHIVA AYYADURAI AND CRYSTAL ELLIS,,9.000000
2024,SIOUX,PRESIDENT,,WILLIAM P STODDEN AND STEPHANIE H CHOLENSKY,,1.000000
2024,SIOUX,PRESIDENT,,WRITE IN,,120.000000
2024,STORY,PRESIDENT,,CHASE OLIVER AND MIKE TER MAAT,,303.000000
2024,STORY,PRESIDENT,,CLAUDIA DE LA CRUZ AND KARINA GARCIA,,77.000000
2024,STORY,PRESIDENT,,DONALD J TRUMP AND JD VANCE,REP,21665.000000
2024,STORY,PRESIDENT,,KAMALA D HARRIS AND TIM WALZ,DEM,26765.000000
2024,STORY,PRESIDENT,,ROBERT F KENNEDY JR AND NICOLE SHANAHAN,,354.000000
2024,STORY,PRESIDENT,,SHIVA AYYADURAI AND CRYSTAL ELLIS,,16.000000
2024,STORY,PRESIDENT,,WILLIAM P STODDEN AND STEPHANIE H CHOLENSKY,,20.000000
2024,STORY,PRESIDENT,,WRITE IN,,326.000000
2024,TAMA,PRESIDENT,,CHASE OLIVER AND MIKE TER MAAT,,41.000000
2024,TAMA,PRESIDENT,,CLAUDIA DE LA CRUZ AND KARINA GARCIA,,2.000000
2024,TAMA,PRESIDENT,,DONALD J TRUMP AND JD VANCE,REP,5379.000000
2024,TAMA,PRESIDENT,,KAMALA D HARRIS AND TIM WALZ,DEM,3070.000000
2024,TAMA,PRESIDENT,,ROBERT F KENNEDY JR AND NICOLE SHANAHAN,,99.000000
2024,TAMA,PRESIDENT,,SHIVA AYYADURAI AND CRYSTAL ELLIS,,1.000000
2024,TAMA,PRESIDENT,,WILLIAM P STODDEN AND STEPHANIE H CHOLENSKY,,2.000000
2024,TAMA,PRESIDENT,,WRITE IN,,22.000000
2024,TAYLOR,PRESIDENT,,CHASE OLIVER AND MIKE TER MAAT,,7.000000
2024,TAYLOR,PRESIDENT,,CLAUDIA DE LA CRUZ AND KARINA GARCIA,,0.000000
2024,TAYLOR,PRESIDENT,,DONALD J TRUMP AND JD VANCE,REP,2381.000000
2024,TAYLOR,PRESIDENT,,KAMALA D HARRIS AND TIM WALZ,DEM,666.000000
2024,TAYLOR,PRESIDENT,,ROBERT F KENNEDY JR AND NICOLE SHANAHAN,,21.000000
2024,TAYLOR,PRESIDENT,,SHIVA AYYADURAI AND CRYSTAL ELLIS,,1.000000
2024,TAYLOR,PRESIDENT,,WILLIAM P STODDEN AND STEPHANIE H CHOLENSKY,,2.000000
2024,TAYLOR,PRESIDENT,,WRITE IN,,3.000000
2024,UNION,PRESIDENT,,CHASE OLIVER AND MIKE TER MAAT,,19.000000
2024,UNION,PRESIDENT,,CLAUDIA DE LA CRUZ AND KARINA GARCIA,,2.000000
2024,UNION,PRESIDENT,,DONALD J TRUMP AND JD VANCE,REP,4044.000000
2024,UNION,PRESIDENT,,KAMALA D HARRIS AND TIM WALZ,DEM,1874.000000
2024,UNION,PRESIDENT,,ROBERT F KENNEDY JR AND NICOLE SHANAHAN,,53.000000
2024,UNION,PRESIDENT,,SHIVA AYYADURAI AND CRYSTAL ELLIS,,0.000000
2024,UNION,PRESIDENT,,WILLIAM P STODDEN AND STEPHANIE H CHOLENSKY,,4.000000
2024,UNION,PRESIDENT,,WRITE IN,,17.000000
2024,VAN BUREN,PRESIDENT,,CHASE OLIVER AND MIKE TER MAAT,,20.000000
2024,VAN BUREN,PRESIDENT,,CLAUDIA DE LA CRUZ AND KARINA GARCIA,,2.000000
2024,VAN BUREN,PRESIDENT,,DONALD J TRUMP AND JD VANCE,REP,2785.000000
2024,VAN BUREN,PRESIDENT,,KAMALA D HARRIS AND TIM WALZ,DEM,778.000000
2024,VAN BUREN,PRESIDENT,,ROBERT F KENNEDY JR AND NICOLE SHANAHAN,,37.000000
2024,VAN BUREN,PRESIDENT,,SHIVA AYYADURAI AND CRYSTAL ELLIS,,0.000000
2024,VAN BUREN,PRESIDENT,,WILLIAM P STODDEN AND STEPHANIE H CHOLENSKY,,0.000000
2024,VAN BUREN,PRESIDENT,,WRITE IN,,3.000000
2024,WAPELLO,PRESIDENT,,CHASE OLIVER AND MIKE TER MAAT,,52.000000
2024,WAPELLO,PRESIDENT,,CLAUDIA DE LA CRUZ AND KARINA GARCIA,,13.000000
2024,WAPELLO,PRESIDENT,,DONALD J TRUMP AND JD VANCE,REP,9479.000000
2024,WAPELLO,PRESIDENT,,KAMALA D HARRIS AND TIM WALZ,DEM,4896.000000
2024,WAPELLO,PRESIDENT,,ROBERT F KENNEDY JR AND NICOLE SHANAHAN,,127.000000
2024,WAPELLO,PRESIDENT,,SHIVA AYYADURAI AND CRYSTAL ELLIS,,3.000000
2024,WAPELLO,PRESIDENT,,WILLIAM P STODDEN AND STEPHANIE H CHOLENSKY,,1.000000
2024,WAPELLO,PRESIDENT,,WRITE IN,,12.000000
2024,WARREN,PRESIDENT,,CHASE OLIVER AND MIKE TER MAAT,,171.000000
2024,WARREN,PRESIDENT,,CLAUDIA DE LA CRUZ AND KARINA GARCIA,,12.000000
2024,WARREN,PRESIDENT,,DONALD J TRUMP AND JD VANCE,REP,19486.000000
2024,WARREN,PRESIDENT,,KAMALA D HARRIS AND TIM WALZ,DEM,12712.000000
2024,WARREN,PRESIDENT,,ROBERT F KENNEDY JR AND NICOLE SHANAHAN,,265.000000
2024,WARREN,PRESIDENT,,SHIVA AYYADURAI AND CRYSTAL ELLIS,,11.000000
2024,WARREN,PRESIDENT,,WILLIAM P STODDEN AND STEPHANIE H CHOLENSKY,,5.000000
2024,WARREN,PRESIDENT,,WRITE IN,,142.000000
2024,WASHINGTON,PRESIDENT,,CHASE OLIVER AND MIKE TER MAAT,,48.000000
2024,WASHINGTON,PRESIDENT,,CLAUDIA DE LA CRUZ AND KARINA GARCIA,,13.000000
2024,WASHINGTON,PRESIDENT,,DONALD J TRUMP AND JD VANCE,REP,7119.000000
2024,WASHINGTON,PRESIDENT,,KAMALA D HARRIS AND TIM WALZ,DEM,4297.000000
2024,WASHINGTON,PRESIDENT,,ROBERT F KENNEDY JR AND NICOLE SHANAHAN,,72.000000
2024,WASHINGTON,PRESIDENT,,SHIVA AYYADURAI AND CRYSTAL ELLIS,,0.000000
2024,WASHINGTON,PRESIDENT,,WILLIAM P STODDEN AND STEPHANIE H CHOLENSKY,,2.000000
2024,WASHINGTON,PRESIDENT,,WRITE IN,,37.000000
2024,WAYNE,PRESIDENT,,CHASE OLIVER AND MIKE TER MAAT,,12.000000
2024,WAYNE,PRESIDENT,,CLAUDIA DE LA CRUZ AND KARINA GARCIA,,0.000000
2024,WAYNE,PRESIDENT,,DONALD J TRUMP AND JD VANCE,REP,2426.000000
2024,WAYNE,PRESIDENT,,KAMALA D HARRIS AND TIM WALZ,DEM,643.000000
2024,WAYNE,PRESIDENT,,ROBERT F KENNEDY JR AND NICOLE SHANAHAN,,36.000000
2024,WAYNE,PRESIDENT,,SHIVA AYYADURAI AND CRYSTAL ELLIS,,2.000000
2024,WAYNE,PRESIDENT,,WILLIAM P STODDEN AND STEPHANIE H CHOLENSKY,,0.000000
2024,WAYNE,PRESIDENT,,WRITE IN,,5.000000
2024,WEBSTER,PRESIDENT,,CHASE OLIVER AND MIKE TER MAAT,,53.000000
2024,WEBSTER,PRESIDENT,,CLAUDIA DE LA CRUZ AND KARINA GARCIA,,7.000000
2024,WEBSTER,PRESIDENT,,DONALD J TRUMP AND JD VANCE,REP,10850.000000
2024,WEBSTER,PRESIDENT,,KAMALA D HARRIS AND TIM WALZ,DEM,5641.000000
2024,WEBSTER,PRESIDENT,,ROBERT F KENNEDY JR AND NICOLE SHANAHAN,,151.000000
2024,WEBSTER,PRESIDENT,,SHIVA AYYADURAI AND CRYSTAL ELLIS,,4.000000
2024,WEBSTER,PRESIDENT,,WILLIAM P STODDEN AND STEPHANIE H CHOLENSKY,,0.000000
2024,WEBSTER,PRESIDENT,,WRITE IN,,42.000000
2024,WINNEBAGO,PRESIDENT,,CHASE OLIVER AND MIKE TER MAAT,,21.000000
2024,WINNEBAGO,PRESIDENT,,CLAUDIA DE LA CRUZ AND KARINA GARCIA,,1.000000
2024,WINNEBAGO,PRESIDENT,,DONALD J TRUMP AND JD VANCE,REP,3636.000000
2024,WINNEBAGO,PRESIDENT,,KAMALA D HARRIS AND TIM WALZ,DEM,1909.000000
2024,WINNEBAGO,PRESIDENT,,ROBERT F KENNEDY JR AND NICOLE SHANAHAN,,56.000000
2024,WINNEBAGO,PRESIDENT,,SHIVA AYYADURAI AND CRYSTAL ELLIS,,2.000000
2024,WINNEBAGO,PRESIDENT,,WILLIAM P STODDEN AND STEPHANIE H CHOLENSKY,,2.000000
2024,WINNEBAGO,PRESIDENT,,WRITE IN,,15.000000
2024,WINNESHIEK,PRESIDENT,,CHASE OLIVER AND MIKE TER MAAT,,46.000000
2024,WINNESHIEK,PRESIDENT,,CLAUDIA DE LA CRUZ AND KARINA GARCIA,,9.000000
2024,WINNESHIEK,PRESIDENT,,DONALD J TRUMP AND JD VANCE,REP,6427.000000
2024,WINNESHIEK,PRESIDENT,,KAMALA D HARRIS AND TIM WALZ,DEM,5321.000000
2024,WINNESHIEK,PRESIDENT,,ROBERT F KENNEDY JR AND NICOLE SHANAHAN,,117.000000
2024,WINNESHIEK,PRESIDENT,,SHIVA AYYADURAI AND CRYSTAL ELLIS,,3.000000
2024,WINNESHIEK,PRESIDENT,,WILLIAM P STODDEN AND STEPHANIE H CHOLENSKY,,4.000000
2024,WINNESHIEK,PRESIDENT,,WRITE IN,,52.000000
2024,WOODBURY,PRESIDENT,,CHASE OLIVER AND MIKE TER MAAT,,159.000000
2024,WOODBURY,PRESIDENT,,CLAUDIA DE LA CRUZ AND KARINA GARCIA,,34.000000
2024,WOODBURY,PRESIDENT,,DONALD J TRUMP AND JD VANCE,REP,25969.000000
2024,WOODBURY,PRESIDENT,,KAMALA D HARRIS AND TIM WALZ,DEM,16145.000000
2024,WOODBURY,PRESIDENT,,ROBERT F KENNEDY JR AND NICOLE SHANAHAN,,351.000000
2024,WOODBURY,PRESIDENT,,SHIVA AYYADURAI AND CRYSTAL ELLIS,,9.000000
2024,WOODBURY,PRESIDENT,,WILLIAM P STODDEN AND STEPHANIE H CHOLENSKY,,7.000000
2024,WOODBURY,PRESIDENT,,WRITE IN,,247.000000
2024,WORTH,PRESIDENT,,CHASE OLIVER AND MIKE TER MAAT,,13.000000
2024,WORTH,PRESIDENT,,CLAUDIA DE LA CRUZ AND KARINA GARCIA,,3.000000
2024,WORTH,PRESIDENT,,DONALD J TRUMP AND JD VANCE,REP,2715.000000
2024,WORTH,PRESIDENT,,KAMALA D HARRIS AND TIM WALZ,DEM,1508.000000
2024,WORTH,PRESIDENT,,ROBERT F KENNEDY JR AND NICOLE SHANAHAN,,38.000000
2024,WORTH,PRESIDENT,,SHIVA AYYADURAI AND CRYSTAL ELLIS,,0.000000
2024,WORTH,PRESIDENT,,WILLIAM P STODDEN AND STEPHANIE H CHOLENSKY,,1.000000
2024,WORTH,PRESIDENT,,WRITE IN,,9.000000
2024,WRIGHT,PRESIDENT,,CHASE OLIVER AND MIKE TER MAAT,,9.000000
2024,WRIGHT,PRESIDENT,,CLAUDIA DE LA CRUZ AND KARINA GARCIA,,5.000000
2024,WRIGHT,PRESIDENT,,DONALD J TRUMP AND JD VANCE,REP,3853.000000
2024,WRIGHT,PRESIDENT,,KAMALA D HARRIS AND TIM WALZ,DEM,1770.000000
2024,WRIGHT,PRESIDENT,,ROBERT F KENNEDY JR AND NICOLE SHANAHAN,,65.000000
2024,WRIGHT,PRESIDENT,,SHIVA AYYADURAI AND CRYSTAL ELLIS,,1.000000
2024,WRIGHT,PRESIDENT,,WILLIAM P STODDEN AND STEPHANIE H CHOLENSKY,,3.000000
2024,WRIGHT,PRESIDENT,,WRITE IN,,17.000000
